YearMonth,Stock Index,Open Price,Close Price,Daily High,Daily Low,Trading Volume,GDP Growth (%),Inflation Rate (%),Unemployment Rate (%),Interest Rate (%),Consumer Confidence Index,Government Debt (Billion USD),Corporate Profits (Billion USD),Forex USD/EUR,Forex USD/JPY,Crude Oil Price (USD per Barrel),Gold Price (USD per Ounce),Real Estate Index,Retail Sales (Billion USD),Bankruptcy Rate (%),Venture Capital Funding (Billion USD)
2000-01-01,1.0,3253.1066666666666,3256.7533333333336,3276.513333333334,3218.33,280681286.3333333,7.919999999999999,6.176666666666667,10.53,8.083333333333334,77.0,12001.333333333334,4686.666666666667,1.0533333333333332,124.75666666666666,86.08999999999999,2096.2466666666664,272.28333333333336,3622.3333333333335,3.1,69.97666666666667
2000-02-01,1.0,3711.1299999999997,3734.9066666666663,3765.39,3706.943333333333,347110435.0,3.2233333333333327,4.756666666666667,6.03,4.073333333333333,77.33333333333333,6600.333333333333,2784.6666666666665,1.0933333333333335,81.36333333333333,48.583333333333336,2017.4533333333336,441.2166666666667,4093.0,1.8399999999999999,47.43666666666667
2000-03-01,1.0,3159.3424999999997,3164.735,3194.3075,3131.885,574700680.0,1.9274999999999998,7.1875,9.6225,4.15,88.5,24254.0,1541.75,1.2075,109.7425,81.10249999999999,1199.7224999999999,299.3825,6212.5,5.7524999999999995,42.84
2000-04-01,1.0,3222.305,3227.835,3264.215,3194.5550000000003,223203428.0,4.105,6.095,9.045,6.744999999999999,93.5,22399.5,2062.5,1.175,100.555,107.975,1340.38,340.88,5502.5,4.359999999999999,19.765
2000-05-01,1.0,3020.165,3026.87,3064.735,2972.2400000000002,379059096.0,-2.17,3.8575,7.3675,5.785,73.5,18480.5,2296.25,1.1025,109.0475,57.252500000000005,1546.5275,275.18,6382.5,5.682499999999999,43.019999999999996
2000-06-01,1.0,1207.83,1231.54,1279.8200000000002,1206.16,728339776.0,7.299999999999999,1.7599999999999998,11.17,3.75,67.0,13160.0,4291.0,1.06,110.69,114.65,1244.09,460.78,7491.0,8.65,72.16
2000-07-01,1.0,4071.36,4061.72,4111.26,4032.0833333333335,426964682.6666667,1.1033333333333333,5.243333333333333,13.356666666666667,8.916666666666666,102.66666666666667,16112.0,3243.6666666666665,1.2333333333333334,110.71333333333332,45.53333333333334,1798.6266666666668,190.95333333333335,8589.0,7.216666666666666,59.10666666666666
2000-08-01,1.0,2302.21,2314.79,2346.995,2283.685,414174140.5,1.065,5.285,11.8,6.165,65.0,13813.0,2777.0,1.2650000000000001,136.73000000000002,120.88499999999999,1126.595,344.595,1510.0,6.425,74.11
2000-09-01,1.0,3178.793333333333,3182.343333333333,3213.523333333333,3147.3199999999997,615853307.0,2.8033333333333332,0.48999999999999994,5.419999999999999,5.28,85.66666666666667,19426.0,3321.3333333333335,1.1199999999999999,101.50666666666666,38.48,2297.4666666666667,290.5266666666667,4604.666666666667,5.833333333333333,55.556666666666665
2000-10-01,1.0,2697.97,2680.8266666666664,2730.2966666666666,2647.9133333333334,850267418.0,-1.6099999999999994,4.993333333333333,4.213333333333334,5.023333333333333,81.66666666666667,11988.666666666666,2493.3333333333335,1.09,126.63333333333333,115.65333333333335,1911.9733333333334,179.4766666666667,5106.0,7.473333333333334,41.57
2000-11-01,1.0,3280.3733333333334,3254.2833333333333,3291.0066666666667,3220.0766666666664,271869250.6666667,3.1166666666666667,7.126666666666666,9.06,5.536666666666666,83.66666666666667,19219.0,2567.0,1.26,125.00333333333333,79.86333333333333,1729.3066666666666,295.81,7916.333333333333,5.783333333333334,36.870000000000005
2000-12-01,1.0,2654.156666666667,2648.5499999999997,2675.1633333333334,2615.4233333333336,694644347.0,1.4500000000000002,8.17,7.6433333333333335,6.47,76.0,13961.0,2622.6666666666665,1.14,90.37666666666667,80.18333333333332,2043.6466666666665,385.0733333333333,3083.0,6.476666666666667,70.89
2001-01-01,1.0,2558.8419999999996,2563.9739999999997,2609.5379999999996,2526.67,384554223.8,1.4240000000000002,4.558,9.622,5.016,99.0,13807.0,2869.4,1.1960000000000002,125.38399999999999,57.105999999999995,1891.2540000000001,213.75,5951.4,4.0920000000000005,32.17
2001-02-01,1.0,3269.2533333333336,3281.0866666666666,3307.14,3240.3366666666666,613459009.6666666,9.270000000000001,4.513333333333333,6.609999999999999,7.580000000000001,61.0,21422.333333333332,2717.0,1.2433333333333334,133.65333333333334,116.39,1211.3500000000001,373.74333333333334,2899.3333333333335,4.756666666666667,78.17333333333333
2001-03-01,1.0,3698.9533333333334,3676.9166666666665,3725.4533333333334,3640.3799999999997,452932609.3333333,3.316666666666667,4.483333333333333,8.373333333333333,4.246666666666667,88.66666666666667,18011.0,2734.0,1.1733333333333333,114.26333333333334,44.35333333333333,1516.0433333333333,217.29999999999998,4935.0,6.373333333333334,63.416666666666664
2001-04-01,1.0,3411.3950000000004,3425.6099999999997,3467.885,3376.5175,409592735.5,0.7425000000000002,4.275,9.26,4.5075,64.0,21201.75,2589.25,1.3625,116.13499999999999,83.605,1546.4575,306.065,5851.5,6.2525,54.510000000000005
2001-05-01,1.0,2462.0550000000003,2451.6025,2485.3125,2417.51,500973910.25,3.4050000000000002,4.86,9.4675,8.049999999999999,101.0,8016.75,3339.75,1.065,112.13499999999999,73.1575,1498.74,362.6375,4880.25,5.055,67.1525
2001-06-01,1.0,2587.1666666666665,2592.1366666666668,2628.5466666666666,2557.27,377373286.0,4.983333333333333,2.94,5.0633333333333335,3.983333333333333,89.0,12238.0,3095.0,1.0999999999999999,101.37333333333333,112.19666666666667,1320.7266666666667,392.5233333333333,6318.333333333333,6.760000000000001,89.46
2001-08-01,1.0,3007.42,2991.3900000000003,3030.8,2960.9049999999997,780086669.0,7.84,2.755,6.59,8.375,84.5,19286.5,2411.5,0.94,93.1,89.215,1769.58,436.745,245.0,3.3,18.924999999999997
2001-09-01,1.0,2872.7999999999997,2887.0099999999998,2919.54,2832.0875,324355305.75,-0.09500000000000008,4.67,8.735,4.2975,81.5,10062.0,3514.5,1.0150000000000001,105.88749999999999,44.09,1948.0175000000002,373.72749999999996,4079.5,5.6775,42.5075
2001-10-01,1.0,2569.9683333333332,2565.19,2597.023333333333,2533.5449999999996,434545289.3333333,2.2733333333333334,4.781666666666666,6.628333333333334,5.273333333333333,89.66666666666667,11060.833333333334,3011.6666666666665,1.1183333333333334,119.18333333333332,72.12333333333333,2032.8966666666668,240.18833333333336,5189.333333333333,7.193333333333334,37.83833333333333
2001-11-01,1.0,2857.652,2876.502,2910.936,2831.67,704349507.2,1.6800000000000004,5.492,9.65,6.151999999999999,83.8,11311.0,3962.6,1.208,112.50999999999999,79.322,2118.56,304.27599999999995,3932.2,5.273999999999999,33.577999999999996
2001-12-01,1.0,3108.202,3102.038,3147.792,3060.1459999999997,503554108.6,2.91,3.4299999999999997,10.790000000000001,6.119999999999999,91.8,16831.0,2116.6,1.064,108.16400000000002,103.28200000000001,1389.584,308.566,4904.6,4.364,59.205999999999996
2002-01-01,1.0,2111.41,2125.33,2148.04,2067.57,828232299.0,-4.54,2.97,2.78,4.81,54.0,16348.0,3587.0,1.38,147.05,104.85,1362.01,217.41,854.0,5.03,37.37
2002-02-01,1.0,2842.524,2860.7419999999997,2900.7619999999997,2813.29,455986832.2,-0.41800000000000004,4.442,12.22,4.012,92.2,13602.0,3534.6,1.142,117.274,64.924,1820.708,327.76,5739.4,6.558,41.948
2002-03-01,1.0,2368.938333333333,2402.0766666666664,2416.2533333333336,2345.853333333333,469538218.3333333,5.368333333333333,5.6933333333333325,9.288333333333334,4.653333333333333,87.16666666666667,14047.833333333334,2817.0,1.2316666666666667,116.88166666666666,101.22500000000001,1885.3149999999998,292.40333333333336,5531.333333333333,2.2466666666666666,42.40833333333333
2002-04-01,1.0,3779.1075,3763.67,3803.885,3731.0625,526943814.25,3.4875,3.8449999999999998,6.5725,5.5725,79.25,17085.5,1702.75,1.1325,118.47999999999999,120.8475,1638.4225000000001,313.9975,5877.0,4.655,55.505
2002-05-01,1.0,1623.655,1613.1374999999998,1658.415,1571.1599999999999,409650956.25,2.305,1.5174999999999998,7.6425,4.45,93.0,9312.75,3412.0,1.1,123.2525,72.74499999999999,1915.11,356.82,4825.25,7.092499999999999,40.9525
2002-06-01,1.0,3251.873333333333,3254.11,3279.1666666666665,3231.72,407517978.3333333,2.1166666666666667,7.03,10.28,6.553333333333334,71.66666666666667,16960.333333333332,3277.0,1.2766666666666666,119.32666666666667,86.55333333333333,1626.83,393.1033333333333,6805.333333333333,6.21,65.48
2002-07-01,1.0,2533.3033333333333,2535.6633333333334,2568.483333333333,2493.94,778981661.0,3.1666666666666665,2.6033333333333335,7.546666666666667,3.1933333333333334,76.33333333333333,17209.666666666668,3575.6666666666665,1.11,102.07666666666667,92.62,1894.79,307.63,2374.6666666666665,4.296666666666667,46.336666666666666
2002-08-01,1.0,2407.7533333333336,2392.513333333334,2427.895,2351.7516666666666,322026276.6666667,3.6733333333333333,3.3533333333333335,10.975,6.363333333333333,87.5,15412.5,2335.5,1.0516666666666665,120.75666666666666,112.94666666666667,1918.6866666666665,283.97166666666664,5128.666666666667,5.528333333333333,58.12166666666667
2002-09-01,1.0,3306.0625,3289.305,3332.6175000000003,3267.69,697947911.25,0.40249999999999997,5.9275,10.620000000000001,7.09,74.0,7883.5,1014.75,1.33,128.09,91.36,1855.075,310.59,4840.25,5.9975,57.0725
2002-10-01,1.0,1906.7242857142858,1903.6814285714286,1935.7271428571428,1865.0128571428572,547773856.7142857,3.1799999999999997,4.814285714285715,6.842857142857143,4.728571428571429,83.71428571428571,18565.571428571428,1711.4285714285713,1.147142857142857,112.61142857142856,76.28571428571429,1804.3985714285716,304.39142857142855,5130.428571428572,7.554285714285714,71.57000000000001
2002-11-01,1.0,2893.4283333333333,2913.7433333333333,2935.728333333333,2863.02,300701403.0,1.7400000000000002,7.441666666666666,7.435,4.92,94.33333333333333,16430.0,1933.1666666666667,1.14,118.96,79.43333333333334,1833.5016666666668,224.4766666666667,4823.833333333333,3.551666666666667,53.803333333333335
2002-12-01,1.0,3806.1349999999998,3803.0733333333333,3840.4283333333333,3780.23,482030867.1666667,2.7416666666666667,4.54,10.106666666666667,4.4750000000000005,89.16666666666667,15304.833333333334,3052.5,1.0516666666666667,109.83333333333333,99.84666666666668,1752.07,280.885,5900.0,4.503333333333333,59.82833333333334
2003-01-01,1.0,2662.566,2666.094,2701.472,2637.742,671764214.2,0.6960000000000004,2.138,6.343999999999999,6.096,82.8,12993.2,1877.0,1.1480000000000001,117.15799999999999,116.7,1718.4279999999999,346.63800000000003,6611.8,3.9240000000000004,60.44
2003-02-01,1.0,3128.4300000000003,3146.2349999999997,3164.8900000000003,3103.1,582195904.0,-1.755,4.795,9.254999999999999,7.06,81.0,9567.5,2196.5,0.99,92.33500000000001,83.94,1868.705,446.9,7620.5,2.95,29.36
2003-03-01,1.0,2507.042,2529.7400000000002,2549.084,2467.472,401835565.6,3.4019999999999997,4.912000000000001,9.166,3.4,79.8,12711.0,3484.0,1.33,112.934,76.708,1506.662,308.81,3673.8,5.296,38.408
2003-04-01,1.0,3890.8019999999997,3876.5160000000005,3920.744,3837.8239999999996,679776185.6,2.882,6.948,6.33,4.5,87.8,6684.2,1909.0,1.08,119.006,102.354,1647.628,304.62600000000003,4888.8,6.276,65.97999999999999
2003-05-01,1.0,2734.33,2771.77,2790.68,2701.36,399146186.0,8.91,1.0599999999999996,3.04,9.0,110.0,14200.0,1505.0,1.16,120.11,106.38,2359.56,162.95,970.0,9.34,5.82
2003-06-01,1.0,1625.91,1658.36,1696.45,1592.81,999129180.0,8.68,5.02,5.95,7.55,88.0,6113.0,1813.0,1.4,139.87,40.92,1421.77,209.78,9406.0,7.97,37.32
2003-07-01,1.0,3346.388,3347.832,3369.8839999999996,3311.1059999999998,311560366.4,1.6179999999999999,5.258,5.3340000000000005,6.212,80.0,16807.0,3436.0,1.1019999999999999,110.59,72.05,1413.342,260.128,6369.8,5.288,45.709999999999994
2003-08-01,1.0,3555.44,3524.431666666667,3578.008333333333,3496.7000000000003,381966304.3333333,2.735,5.583333333333333,8.025,3.935,78.83333333333333,17601.833333333332,2252.3333333333335,1.18,105.93666666666667,70.19,1800.4099999999999,288.36333333333334,6200.333333333333,3.83,36.571666666666665
2003-09-01,1.0,3126.325,3092.435,3153.23,3076.8500000000004,251564235.0,-2.625,3.21,7.21,2.895,110.5,18697.0,431.0000000000001,1.155,120.985,91.92500000000001,1579.6799999999998,201.445,5250.5,2.9899999999999998,73.835
2003-10-01,1.0,2502.06,2497.33,2536.15,2457.068,304186926.0,3.95,5.91,7.332000000000001,5.776000000000001,84.0,17822.6,2448.2,1.1099999999999999,126.232,95.748,1551.816,366.412,3222.8,4.572,38.846
2003-11-01,1.0,3097.4225,3122.04,3152.6000000000004,3074.295,741352009.0,-1.5225,5.8825,9.51,5.5725,100.75,19312.25,3095.5,1.0825,118.71000000000001,68.93,2177.875,299.77250000000004,6553.75,5.2625,60.8625
2003-12-01,1.0,2900.47,2881.06,2920.0125,2841.29,442881560.75,6.56,4.272500000000001,9.8325,4.045,108.75,18815.5,3179.0,1.13,110.02250000000001,73.645,1581.2175,317.0425,3728.5,3.8274999999999997,67.1725
2004-01-01,1.0,2669.962,2658.292,2700.688,2628.816,703364829.0,3.8259999999999996,4.604,8.632,5.058,72.4,10008.6,2749.8,1.202,120.476,76.708,1382.166,376.712,6347.0,5.726,64.366
2004-02-01,1.0,2799.29,2827.83,2846.82,2765.9,562439110.25,3.17,4.1850000000000005,9.61,3.8449999999999998,72.75,13738.0,2714.0,1.125,112.345,54.290000000000006,1639.155,266.1275,6579.5,6.2225,42.692499999999995
2004-03-01,1.0,3587.28,3553.2250000000004,3609.65,3509.285,755827251.5,4.6850000000000005,6.569999999999999,8.49,3.235,52.0,13289.0,3110.0,1.1800000000000002,105.25,63.765,1674.705,237.01500000000001,5325.5,4.52,49.41
2004-04-01,1.0,1996.5399999999997,2004.3028571428572,2051.167142857143,1965.4285714285713,489442333.28571427,2.27,5.390000000000001,8.991428571428571,4.37,84.85714285714286,11452.285714285714,2862.4285714285716,1.1500000000000001,114.97714285714287,112.22142857142856,1467.7214285714285,289.00142857142856,4664.857142857143,3.7471428571428573,52.917142857142856
2004-05-01,1.0,2275.605,2264.4075000000003,2318.01,2236.2,360016885.25,4.53,6.865,7.875,6.8425,56.5,22052.75,2368.5,1.305,99.9625,95.965,1820.96,339.7475,5159.25,3.6849999999999996,57.205
2004-06-01,1.0,4015.424,4010.6,4057.4100000000008,3977.1940000000004,430975028.4,4.252,5.348000000000001,10.32,5.1899999999999995,75.6,8544.6,3237.2,1.126,116.886,56.025999999999996,1791.4080000000001,227.656,5940.6,5.578,69.494
2004-07-01,1.0,3993.1066666666666,3977.898333333333,4024.6433333333334,3956.903333333333,408210423.0,2.5933333333333333,4.341666666666667,11.791666666666666,6.803333333333334,101.16666666666667,7599.0,1473.1666666666667,1.3366666666666667,103.115,93.11500000000001,1750.82,310.87,6563.666666666667,3.435,45.044999999999995
2004-08-01,1.0,3641.5,3653.3,3681.9849999999997,3604.255,527309566.0,2.4450000000000003,3.9875,7.65,5.9925,71.5,17516.75,2174.25,1.1075,119.245,83.17999999999999,1836.5225,306.8325,4548.25,6.62,54.41
2004-09-01,1.0,4579.106666666667,4562.256666666667,4613.873333333334,4544.84,408490887.0,3.563333333333334,3.3966666666666665,9.229999999999999,4.266666666666667,78.66666666666667,15323.333333333334,638.0,1.1733333333333333,125.62666666666667,58.28,1335.6000000000001,253.78,7307.0,5.506666666666668,49.343333333333334
2004-10-01,1.0,3422.23,3416.5950000000003,3448.98,3374.1349999999998,598788806.0,5.775,5.945,6.140000000000001,4.695,82.0,22435.0,2911.5,0.935,118.15,78.58500000000001,2103.43,476.155,4831.5,4.18,17.03
2004-11-01,1.0,3442.1800000000003,3453.4600000000005,3476.31,3418.3566666666666,325806080.0,4.203333333333333,1.5,6.59,2.9266666666666663,92.33333333333333,16565.333333333332,2181.3333333333335,0.9900000000000001,124.74666666666667,119.64333333333333,1994.8333333333333,327.93666666666667,5116.333333333333,4.34,61.64666666666667
2004-12-01,1.0,2442.93,2453.362,2488.5379999999996,2419.054,458458928.0,0.966,5.444,7.448,5.086,81.2,23117.6,2719.6,1.15,109.776,98.442,1603.456,205.83800000000002,4815.2,4.042,59.778
2005-01-01,1.0,2847.318333333333,2837.9516666666664,2888.388333333334,2795.3283333333334,682289459.6666666,5.13,5.101666666666667,9.358333333333333,5.2250000000000005,84.33333333333333,12007.333333333334,2744.5,1.2033333333333334,110.84166666666665,76.44333333333333,1809.2516666666668,276.36,3386.1666666666665,5.466666666666666,53.413333333333334
2005-02-01,1.0,2776.6242857142856,2762.8857142857146,2812.8928571428573,2740.9985714285713,462201229.4285714,0.5014285714285716,4.734285714285714,10.495714285714286,4.8100000000000005,84.28571428571429,13591.57142857143,2731.5714285714284,1.0285714285714285,128.92857142857142,91.55571428571429,1609.717142857143,265.5785714285714,6323.285714285715,6.882857142857143,44.87571428571429
2005-03-01,1.0,3756.022,3751.8120000000004,3804.6099999999997,3715.5699999999997,694723584.2,0.7859999999999998,2.6759999999999997,9.644,5.768,89.6,11236.2,3607.8,1.276,106.66600000000001,81.378,1793.5739999999998,378.22200000000004,5245.4,5.7219999999999995,37.428
2005-04-01,1.0,2959.2257142857147,2954.3414285714284,2999.8385714285714,2930.162857142857,464031021.28571427,3.5985714285714283,7.351428571428571,6.7057142857142855,5.359999999999999,94.28571428571429,16923.85714285714,2848.0,1.1785714285714286,112.21857142857142,63.401428571428575,1496.8728571428571,381.8114285714286,3229.0,4.997142857142856,60.682857142857145
2005-05-01,1.0,2666.812,2685.966,2707.9660000000003,2630.3779999999997,694433677.4,2.07,4.997999999999999,7.282000000000001,7.474000000000001,91.4,16694.4,3576.4,1.292,97.526,122.34,1473.78,246.31599999999997,4279.0,5.678,46.372
2005-06-01,1.0,2990.1083333333336,2987.33,3026.89,2943.0983333333334,411249793.6666667,4.675000000000001,3.2883333333333327,7.9799999999999995,4.825,77.33333333333333,9622.666666666666,2948.5,1.155,104.88333333333333,118.02666666666666,1592.7033333333331,346.60999999999996,5599.333333333333,5.456666666666666,60.385
2005-07-01,1.0,3483.954,3485.958,3516.8540000000003,3444.94,555185368.4,4.432,3.3620000000000005,8.274,3.732,99.4,16302.6,1981.8,1.24,90.14000000000001,67.72999999999999,1793.4479999999999,209.638,6039.8,6.24,60.620000000000005
2005-08-01,1.0,2066.725,2062.5,2101.155,2031.725,606629866.0,2.795,6.914999999999999,2.39,5.845000000000001,88.0,6778.5,2627.5,1.3399999999999999,126.59,111.73,1604.92,424.81,8963.5,8.165000000000001,45.864999999999995
2005-09-01,1.0,2074.96,2089.8733333333334,2109.1,2040.0199999999998,321074681.3333333,3.3000000000000003,6.953333333333333,4.82,2.8366666666666664,98.0,10295.0,2763.3333333333335,1.2333333333333334,109.30333333333334,66.38,1563.0366666666669,322.2866666666667,2852.3333333333335,5.903333333333333,45.60333333333333
2005-10-01,1.0,3463.85,3459.79,3483.5249999999996,3422.55,556663941.5,-0.05999999999999994,4.9925,7.1675,5.375,91.5,16264.75,3423.25,1.21,114.0575,62.285,1470.1,316.38,5194.75,5.87,54.6475
2005-11-01,1.0,3601.2650000000003,3585.06,3627.5299999999997,3560.37,465740751.0,3.6799999999999997,8.28,11.68,5.99,99.0,19556.5,2467.5,0.88,118.37,59.915,1381.515,265.96,4547.0,6.44,28.28
2005-12-01,1.0,2810.996,2820.9739999999997,2860.058,2787.174,671817937.0,-0.542,5.798,11.072,3.686,85.2,12194.0,4510.8,1.14,94.06,89.072,1425.3719999999998,312.982,4192.4,7.302,53.7
2006-01-01,1.0,3999.1966666666667,3989.06,4027.158333333333,3957.375,453793887.3333333,1.0566666666666666,3.69,10.963333333333333,5.6816666666666675,86.16666666666667,16272.333333333334,2376.6666666666665,1.0583333333333333,111.03333333333335,114.06666666666666,1717.4466666666667,279.74,5569.833333333333,3.901666666666667,53.46666666666667
2006-02-01,1.0,2800.032,2792.674,2840.04,2751.296,513089519.2,5.194,2.812,6.856,3.7060000000000004,72.2,12432.6,3328.6,1.214,112.37,62.25599999999999,1569.6860000000001,340.83000000000004,5212.2,5.186,51.646
2006-03-01,1.0,3626.626666666667,3622.5833333333335,3657.623333333333,3583.86,728867200.3333334,5.053333333333334,3.4,10.34,5.56,73.33333333333333,15918.666666666666,1728.0,1.3633333333333333,120.58,78.88000000000001,1710.8100000000002,324.9533333333333,6542.666666666667,6.05,27.74
2006-04-01,1.0,3016.0325,3004.0550000000003,3042.105,2969.435,498959222.75,1.9199999999999997,2.6824999999999997,5.205,5.615,74.0,7777.75,2826.25,1.1875,120.41999999999999,91.6875,1848.56,232.0,4906.75,4.695,61.129999999999995
2006-05-01,1.0,3088.8720000000003,3099.762,3142.626,3054.9139999999998,334526037.0,3.776,4.172,9.703999999999999,5.154,89.2,19756.8,1779.0,1.238,124.98800000000001,121.64200000000001,1047.9180000000001,293.508,6174.4,4.792,76.74
2006-06-01,1.0,3105.4785714285713,3083.011428571429,3130.6771428571433,3060.552857142857,552189514.5714285,3.661428571428572,5.812857142857142,9.07,4.7,84.42857142857143,14991.57142857143,2728.8571428571427,1.2028571428571428,117.86857142857143,106.62857142857145,1674.9014285714286,254.79285714285714,4710.571428571428,6.4142857142857155,43.08
2006-07-01,1.0,3046.1633333333334,3075.41,3081.646666666667,3019.3933333333334,601617050.0,8.963333333333333,8.58,8.133333333333333,8.783333333333333,98.0,18232.0,1674.0,0.9766666666666667,99.23666666666666,98.92666666666668,2217.8799999999997,314.29,5658.0,5.973333333333334,50.38666666666666
2006-08-01,1.0,2652.286,2627.402,2692.176,2598.256,377123345.2,3.9120000000000004,4.184,7.456,5.304,97.6,12609.4,3074.2,1.1620000000000001,116.792,78.25,1561.792,314.31399999999996,5084.4,6.188,27.548000000000002
2006-09-01,1.0,2257.0642857142857,2258.1857142857143,2303.672857142857,2225.077142857143,584364554.4285715,3.7214285714285715,5.638571428571429,8.727142857142857,4.101428571428571,85.71428571428571,13295.57142857143,3178.285714285714,1.2742857142857142,132.5857142857143,70.48142857142857,1643.16,225.50857142857143,5045.714285714285,5.51,56.40428571428571
2006-10-01,1.0,3072.536666666667,3066.773333333333,3106.7166666666667,3040.2966666666666,481505302.6666667,3.5700000000000003,5.036666666666666,7.18,7.166666666666667,99.66666666666667,14997.333333333334,3124.6666666666665,1.0033333333333334,115.90333333333332,52.40666666666667,2102.3766666666666,253.98,2597.3333333333335,6.366666666666667,43.86666666666667
2006-11-01,1.0,2657.9825,2665.54,2702.365,2619.35,455228445.75,6.545,6.9125,6.6225000000000005,4.5275,90.25,15652.25,2307.5,0.92,98.7675,89.88,1333.8899999999999,217.71,3242.5,4.74,60.69
2006-12-01,1.0,3569.89,3572.4266666666663,3611.97,3538.2766666666666,300991787.3333333,4.083333333333334,3.396666666666667,9.241666666666667,6.136666666666667,89.33333333333333,19231.833333333332,2965.6666666666665,1.1866666666666668,112.81166666666667,95.92166666666667,1670.7783333333334,282.5883333333333,5898.166666666667,3.513333333333333,68.82833333333333
2007-01-01,1.0,2950.03,2929.66,2996.513333333334,2901.3333333333335,310080701.6666667,3.8200000000000003,4.846666666666667,11.596666666666666,6.326666666666667,101.0,12214.666666666666,675.0,1.0766666666666667,109.47333333333334,62.57,1919.18,219.69999999999996,3639.6666666666665,4.916666666666667,55.56333333333333
2007-02-01,1.0,4233.07,4202.88,4250.05,4188.02,662183039.0,-1.0700000000000005,2.57,12.58,2.34,88.0,5623.0,658.0000000000002,1.02,92.37,118.23,940.47,432.76,6836.0,6.67,35.93
2007-03-01,1.0,2630.5875,2611.4449999999997,2654.0825000000004,2591.36,710715429.5,5.745,7.45,11.165,6.9475,76.75,11680.5,2140.5,1.1975,117.825,78.0375,1124.1725000000001,323.5675,3519.5,7.99,51.155
2007-04-01,1.0,2805.7760000000003,2807.478,2839.7599999999998,2767.1620000000003,277729534.6,1.544,3.978,10.424,6.154,98.8,18987.0,1732.4,1.074,114.124,57.604,1660.836,346.928,5454.6,4.476000000000001,53.958000000000006
2007-05-01,1.0,2969.3825,2976.8575,2996.93,2938.3225,541032530.75,3.1725000000000003,2.87,11.2225,5.205,81.0,11015.75,1720.75,0.9924999999999999,126.445,115.32249999999999,1575.3675,285.095,4705.0,6.984999999999999,17.4275
2007-06-01,1.0,3050.202,3044.612,3093.834,2998.828,579178209.6,-0.21600000000000014,7.408000000000001,11.937999999999999,3.7659999999999996,90.0,18565.8,1664.0,1.068,98.834,99.422,1942.8080000000002,331.286,8306.6,5.779999999999999,60.802
2007-07-01,1.0,3973.375,3959.4700000000003,3987.52,3929.455,299288001.5,-3.25,3.175,11.57,7.129999999999999,89.5,15000.0,464.0,1.04,125.42,67.32,1774.94,409.98,4687.5,4.72,50.5
2007-08-01,1.0,2871.3975,2847.495,2898.4175,2825.8175,379264045.75,4.35,3.54,10.67,3.86,92.5,18249.75,962.75,1.2675,111.32499999999999,123.975,1809.305,283.63,5446.5,6.0075,32.0675
2007-09-01,1.0,2730.53,2698.1,2744.71,2654.285,852052856.5,5.9350000000000005,5.52,11.495000000000001,1.2449999999999999,83.0,19580.0,3583.0,1.42,124.02000000000001,49.3,2465.255,187.595,6845.0,2.25,46.36
2007-10-01,1.0,3269.8,3254.035,3316.455,3217.1949999999997,486763052.5,2.14,5.895,10.365,0.71,109.0,12162.5,2198.5,1.415,122.775,107.03,1414.42,322.355,8533.0,5.84,42.505
2007-11-01,1.0,1859.1499999999999,1887.0200000000002,1910.86,1838.0833333333333,446240877.3333333,-0.29999999999999954,2.936666666666666,6.983333333333333,3.3633333333333333,82.33333333333333,13820.666666666666,2198.0,1.1133333333333333,103.55666666666667,58.29333333333333,2008.47,361.35999999999996,7271.666666666667,4.763333333333333,59.0
2007-12-01,1.0,2595.645,2592.84,2633.4675,2554.545,413478439.875,0.7437499999999999,2.6175,8.175,5.7575,70.625,12451.375,2568.25,1.03375,113.2775,80.455,1675.5075000000002,318.09875,6099.375,3.705,61.7025
2008-01-01,1.0,2288.46,2279.16,2314.0,2228.67,311590414.0,-0.02499999999999991,7.275,13.239999999999998,6.495,95.0,21933.5,4426.0,1.275,111.67500000000001,89.77,1472.92,341.96000000000004,6464.5,4.42,54.16
2008-02-01,1.0,3653.24,3672.07,3716.0,3640.31,903170423.0,5.49,9.76,8.43,9.63,114.0,24042.0,2359.0,0.81,101.64,118.12,2041.35,446.82,8494.0,8.05,39.74
2008-05-01,1.0,1820.415,1822.55,1845.23,1794.35,443593208.5,6.324999999999999,6.779999999999999,10.515,4.01,118.0,8733.5,1658.0,1.365,120.35499999999999,34.08,1811.905,440.46,3974.5,3.8649999999999998,40.235
2008-06-01,1.0,3538.98,3572.14,3607.26,3518.88,895894840.0,5.87,0.5300000000000002,7.73,4.78,57.0,26793.0,3666.0,1.3,113.2,79.96,2265.4,278.98,9153.0,4.43,5.130000000000003
2008-07-01,1.0,1745.6800000000003,1710.71,1773.53,1678.38,16489518.0,-2.6000000000000005,9.8,10.04,7.13,74.0,11121.0,982.0,0.87,128.18,83.44,1691.49,176.74,7918.0,9.54,50.25
2008-08-01,1.0,3997.48,3951.34,4040.13,3933.8,689854508.0,5.53,6.1,13.69,2.59,81.0,5891.0,1771.0,1.18,135.63,90.46,2289.52,229.94,4911.0,6.13,7.990000000000002
2008-09-01,1.0,4078.99,4112.85,4146.77,4073.85,975733242.0,4.49,8.38,7.9,1.39,96.0,21619.0,3772.0,1.31,87.18,59.19,924.51,111.86,1173.9999999999995,8.2,30.21
2008-10-01,1.0,1816.26,1797.75,1842.4400000000005,1768.88,491891905.0,1.89,4.3,13.05,3.53,56.0,4118.0,2274.0,1.23,115.96,135.21,1988.86,325.97,2584.0,3.6,37.32
2008-11-01,1.0,3294.25,3267.09,3324.98,3237.43,274066900.0,-2.4300000000000006,8.15,8.7,7.11,90.0,21313.0,382.0,1.45,98.58,46.93,1509.0,256.18,4867.0,1.2299999999999995,48.44
2008-12-01,1.0,2366.56,2343.96,2409.02,2334.49,935042038.0,8.96,3.13,8.75,3.13,76.0,25982.0,1239.0,0.99,145.91,63.38,814.23,308.52,8771.0,4.16,83.88
